Symbol;BaseCurrency;QuoteCurrency;Description;Digits;Point;Spread;TickSize;TickValue;TradeContractSize;TradeMode;TradeExecutionMode;VolumeMin;VolumeMax;VolumeStep;MarginInitial;MarginMaintenance;MarginHedged;MarginRate;MarginCurrency;StartDate;ExpirationDate;SwapLong;SwapShort;SwapType;Swap3Days;TradeSessions;VaR_1_Lot;BidPrice;AskPrice;SectorName;IndustryName
EURGBP;EUR;GBP;Euro vs Great Britain Pound ;5;0.000010;28;0.000010;1.341370;100000.000000;0;2;0.010000;100.000000;0.010000;0.000000;0.000000;0.000000;0.000000;EUR;1970.01.01 00:00;0.000000;-7.100000;1717986918;1;3;0.000000;471.594659;0.854940;0.855230;Currency;Undefined
EURUSD;EUR;USD;Euro vs US Dollar;5;0.000010;19;0.000010;1.000000;100000.000000;0;2;0.010000;100.000000;0.010000;0.000000;0.000000;0.000000;0.000000;EUR;1970.01.01 00:00;0.000000;-10.700000;1717986918;1;3;0.000000;947.917484;1.147910;1.148100;Currency;Undefined
GBPUSD;GBP;USD;Great Britan Pound vs US Dollar;5;0.000010;136;0.000010;1.000000;100000.000000;0;2;0.010000;100.000000;0.010000;0.000000;0.000000;0.000000;0.000000;GBP;1970.01.01 00:00;0.000000;-4.900000;-858993459;1;3;0.000000;969.699306;1.341340;1.342700;Currency;Undefined
6A_U;USD;USD;Australian Dollar September;5;0.000010;10;0.000050;5.000000;1.000000;4;2;1.000000;20.000000;1.000000;0.000000;0.000000;0.000000;0.000000;USD;1970.01.01 00:00;0.000000;-2.880000;-1030792151;0;5;0.000000;601.861082;0.651900;0.652000;Currency;Undefined
6B_U;USD;USD;British Pound September;4;0.000100;2;0.000100;6.250000;1.000000;4;2;1.000000;20.000000;1.000000;0.000000;0.000000;0.000000;0.000000;USD;1970.01.01 00:00;0.000000;-2.880000;-1030792151;0;5;0.000000;618.657115;1.342700;1.342900;Currency;Undefined
6C_U;USD;USD;Canadian Dollar September;5;0.000010;5;0.000050;5.000000;1.000000;4;2;1.000000;20.000000;1.000000;0.000000;0.000000;0.000000;0.000000;USD;1970.01.01 00:00;0.000000;-2.880000;-1030792151;0;5;0.000000;444.114387;0.733500;0.733550;Currency;Undefined
6E_U;USD;USD;Euro FX September;5;0.000010;5;0.000050;6.250000;1.000000;4;2;1.000000;20.000000;1.000000;0.000000;0.000000;0.000000;0.000000;USD;1970.01.01 00:00;0.000000;-2.880000;-1030792151;0;5;0.000000;1193.840755;1.154900;1.154950;Currency;Undefined
6J_U;USD;USD;Japanese Yen September;7;0.000000;10;0.000000;6.250000;1.000000;4;2;1.000000;20.000000;1.000000;0.000000;0.000000;0.000000;0.000000;USD;1970.01.01 00:00;0.000000;-2.880000;-1030792151;0;5;0.000000;893.358865;0.006960;0.006960;Currency;Undefined
6N_U;USD;USD;New Zeland Dollar September;5;0.000010;10;0.000050;5.000000;1.000000;4;2;1.000000;20.000000;1.000000;0.000000;0.000000;0.000000;0.000000;USD;1970.01.01 00:00;0.000000;-2.880000;-1030792151;0;5;0.000000;661.077889;0.604550;0.604650;Currency;Undefined
6S_U;USD;USD;Swiss Franc September;5;0.000010;15;0.000050;6.250000;1.000000;4;2;1.000000;20.000000;1.000000;0.000000;0.000000;0.000000;0.000000;USD;1970.01.01 00:00;0.000000;-2.880000;-1030792151;0;5;0.000000;1400.454355;1.235200;1.235350;Currency;Undefined
BZ_Q;USD;USD;Brent Crude Oil August;2;0.010000;2;0.010000;10.000000;1.000000;4;2;1.000000;20.000000;1.000000;0.000000;0.000000;0.000000;0.000000;USD;1970.01.01 00:00;0.000000;-2.880000;-1030792151;0;5;0.000000;3044.369484;76.240000;76.260000;Commodities;Commodities - Energy
CL_Q;USD;USD;Light Sweet Crude August;2;0.010000;1;0.010000;10.000000;1.000000;4;2;1.000000;20.000000;1.000000;0.000000;0.000000;0.000000;0.000000;USD;1970.01.01 00:00;0.000000;-2.880000;-1030792151;0;5;0.000000;2946.906019;73.120000;73.130000;Commodities;Commodities - Energy
ES_M;USD;USD;E-Mini S&P 500 June;2;0.010000;25;0.250000;12.500000;1.000000;3;2;1.000000;20.000000;1.000000;0.000000;0.000000;0.000000;0.000000;USD;1970.01.01 00:00;0.000000;-2.880000;-1030792151;0;5;0.000000;3843.906292;5982.750000;5983.000000;Indexes;Utilities - Regulated Electric
ES_U;USD;USD;E-Mini S&P 500 September;2;0.010000;25;0.250000;12.500000;1.000000;4;2;1.000000;20.000000;1.000000;0.000000;0.000000;0.000000;0.000000;USD;1970.01.01 00:00;0.000000;-2.880000;-1030792151;0;5;0.000000;3889.807057;6036.000000;6036.250000;Indexes;Utilities - Regulated Electric
GC_Q;USD;USD;Gold August;1;0.100000;3;0.100000;10.000000;1.000000;4;2;1.000000;20.000000;1.000000;0.000000;0.000000;0.000000;0.000000;USD;1970.01.01 00:00;0.000000;-2.880000;-1030792151;0;5;0.000000;6386.988747;3386.700000;3387.000000;Commodities;Undefined
HE_N;USD;USD;Lean Hogs July;3;0.001000;25;0.025000;10.000000;1.000000;4;2;1.000000;20.000000;1.000000;0.000000;0.000000;0.000000;0.000000;USD;1970.01.01 00:00;0.000000;-2.880000;-1030792151;0;5;0.000000;676.456873;112.175000;112.200000;Utilities;Utilities - Diversified
HG_U;USD;USD;Copper September;4;0.000100;15;0.000500;12.500000;1.000000;4;2;1.000000;20.000000;1.000000;0.000000;0.000000;0.000000;0.000000;USD;1970.01.01 00:00;0.000000;-2.880000;-1030792151;0;5;0.000000;3172.165001;4.904000;4.905500;Commodities;Commodities - Precious
HG_N;USD;USD;Copper July;4;0.000100;10;0.000500;12.500000;1.000000;4;2;1.000000;20.000000;1.000000;0.000000;0.000000;0.000000;0.000000;USD;1970.01.01 00:00;0.000000;-2.880000;-1030792151;0;5;0.000000;3149.160938;4.853000;4.854000;Commodities;Commodities - Precious
HO_N;USD;USD;Heating Oil July;4;0.000100;15;0.000100;4.200000;1.000000;4;2;1.000000;20.000000;1.000000;0.000000;0.000000;0.000000;0.000000;USD;1970.01.01 00:00;0.000000;-2.880000;-1030792151;0;5;0.000000;4336.036251;2.539100;2.540600;Commodities;Undefined
HO_Q;USD;USD;Heating Oil August;4;0.000100;11;0.000100;4.200000;1.000000;4;2;1.000000;20.000000;1.000000;0.000000;0.000000;0.000000;0.000000;USD;1970.01.01 00:00;0.000000;-2.880000;-1030792151;0;5;0.000000;3994.782880;2.500100;2.501200;Commodities;Undefined
KE_U;USD;USD;Hard Red Wheat September;2;0.010000;25;0.250000;12.500000;1.000000;4;2;1.000000;20.000000;1.000000;0.000000;0.000000;0.000000;0.000000;USD;1970.01.01 00:00;0.000000;-2.880000;-1030792151;0;5;0.000000;748.220436;584.500000;584.750000;Commodities;Commodities - Agricultural
KE_N;USD;USD;Hard Red Wheat July;2;0.010000;50;0.250000;12.500000;1.000000;4;2;1.000000;20.000000;1.000000;0.000000;0.000000;0.000000;0.000000;USD;1970.01.01 00:00;0.000000;-2.880000;-1030792151;0;5;0.000000;733.985108;569.500000;570.000000;Commodities;Commodities - Agricultural
LE_Q;USD;USD;Live Cattle August;3;0.001000;50;0.025000;10.000000;1.000000;4;2;1.000000;20.000000;1.000000;0.000000;0.000000;0.000000;0.000000;USD;1970.01.01 00:00;0.000000;-2.880000;-1030792151;0;5;0.000000;1598.052685;211.850000;211.900000;Commodities;Commodities - Agricultural
MBT_M;USD;USD;Bitcoin Micro June;0;1.000000;45;5.000000;0.500000;1.000000;4;2;1.000000;20.000000;1.000000;0.000000;0.000000;0.000000;0.000000;USD;1970.01.01 00:00;0.000000;-2.880000;-1030792151;0;5;0.000000;427.166274;104910.000000;104955.000000;Crypto Currency;Undefined
MBT_N;USD;USD;Bitcoin Micro July;0;1.000000;150;5.000000;0.500000;1.000000;4;2;1.000000;20.000000;1.000000;0.000000;0.000000;0.000000;0.000000;USD;1970.01.01 00:00;0.000000;-2.880000;-1030792151;0;5;0.000000;430.730363;105525.000000;105675.000000;Crypto Currency;Undefined
NG_N;USD;USD;Natural Gas July;3;0.001000;1;0.001000;10.000000;1.000000;4;2;1.000000;20.000000;1.000000;0.000000;0.000000;0.000000;0.000000;USD;1970.01.01 00:00;0.000000;-2.880000;-1030792151;0;5;0.000000;2051.519032;3.976000;3.977000;Commodities;Commodities - Energy
NG_Q;USD;USD;Natural Gas August;3;0.001000;3;0.001000;10.000000;1.000000;4;2;1.000000;20.000000;1.000000;0.000000;0.000000;0.000000;0.000000;USD;1970.01.01 00:00;0.000000;-2.880000;-1030792151;0;5;0.000000;2059.703528;4.066000;4.069000;Commodities;Commodities - Energy
NQ_M;USD;USD;E-mini Nasdaq 100 June;2;0.010000;350;0.250000;5.000000;1.000000;3;2;1.000000;20.000000;1.000000;0.000000;0.000000;0.000000;0.000000;USD;1970.01.01 00:00;0.000000;-2.880000;-1030792151;0;5;0.000000;6518.495210;21731.000000;21734.500000;Indexes;Undefined
NQ_U;USD;USD;E-mini Nasdaq 100 September;2;0.010000;50;0.250000;5.000000;1.000000;4;2;1.000000;20.000000;1.000000;0.000000;0.000000;0.000000;0.000000;USD;1970.01.01 00:00;0.000000;-2.880000;-1030792151;0;5;0.000000;6608.243155;21958.500000;21959.000000;Indexes;Undefined
PL_N;USD;USD;Platinum July;1;0.100000;2;0.100000;5.000000;1.000000;4;2;1.000000;20.000000;1.000000;0.000000;0.000000;0.000000;0.000000;USD;1970.01.01 00:00;0.000000;-2.880000;-1030792151;0;5;0.000000;2732.125137;1320.300000;1320.500000;Commodities;Commodities - Precious
PL_V;USD;USD;Platinum October;1;0.100000;3;0.100000;5.000000;1.000000;4;2;1.000000;20.000000;1.000000;0.000000;0.000000;0.000000;0.000000;USD;1970.01.01 00:00;0.000000;-2.880000;-1030792151;0;5;0.000000;2709.041432;1323.200000;1323.500000;Commodities;Commodities - Precious
RB_N;USD;USD;RBOB Gasoline July;4;0.000100;24;0.000100;4.200000;1.000000;4;2;1.000000;20.000000;1.000000;0.000000;0.000000;0.000000;0.000000;USD;1970.01.01 00:00;0.000000;-2.880000;-1030792151;0;5;0.000000;2627.262548;2.297900;2.300300;Commodities;Undefined
RB_Q;USD;USD;RBOB Gasoline August;4;0.000100;12;0.000100;4.200000;1.000000;4;2;1.000000;20.000000;1.000000;0.000000;0.000000;0.000000;0.000000;USD;1970.01.01 00:00;0.000000;-2.880000;-1030792151;0;5;0.000000;2586.230920;2.280300;2.281500;Commodities;Undefined
RTY_M;USD;USD;E-Mini Rusell 2000 Index June;1;0.100000;4;0.100000;5.000000;1.000000;3;2;1.000000;20.000000;1.000000;0.000000;0.000000;0.000000;0.000000;USD;1970.01.01 00:00;0.000000;-2.880000;-1030792151;0;5;0.000000;2065.557357;2115.300000;2115.700000;Indexes;Undefined
RTY_U;USD;USD;E-Mini Rusell 2000 Index September;1;0.100000;1;0.100000;5.000000;1.000000;4;2;1.000000;20.000000;1.000000;0.000000;0.000000;0.000000;0.000000;USD;1970.01.01 00:00;0.000000;-2.880000;-1030792151;0;5;0.000000;2087.700200;2131.200000;2131.300000;Indexes;Undefined
SI_N;USD;USD;Silver July;3;0.001000;10;0.005000;25.000000;1.000000;4;2;1.000000;20.000000;1.000000;0.000000;0.000000;0.000000;0.000000;USD;1970.01.01 00:00;0.000000;-2.880000;-1030792151;0;5;0.000000;5214.651426;36.755000;36.765000;Commodities;Commodities - Precious
SI_U;USD;USD;Silver September;3;0.001000;15;0.005000;25.000000;1.000000;4;2;1.000000;20.000000;1.000000;0.000000;0.000000;0.000000;0.000000;USD;1970.01.01 00:00;0.000000;-2.880000;-1030792151;0;5;0.000000;5229.976834;37.080000;37.095000;Commodities;Commodities - Precious
YM_M;USD;USD;E-Mini DJIA June;0;1.000000;5;1.000000;5.000000;1.000000;3;2;1.000000;20.000000;1.000000;0.000000;0.000000;0.000000;0.000000;USD;1970.01.01 00:00;0.000000;-2.880000;-1030792151;0;5;0.000000;2897.153907;42194.000000;42199.000000;Indexes;Undefined
YM_U;USD;USD;E-Mini DJIA September;0;1.000000;1;1.000000;5.000000;1.000000;4;2;1.000000;20.000000;1.000000;0.000000;0.000000;0.000000;0.000000;USD;1970.01.01 00:00;0.000000;-2.880000;-1030792151;0;5;0.000000;2935.017923;42524.000000;42525.000000;Indexes;Undefined
ZC_N;USD;USD;Corn July;2;0.010000;25;0.250000;12.500000;1.000000;4;2;1.000000;20.000000;1.000000;0.000000;0.000000;0.000000;0.000000;USD;1970.01.01 00:00;0.000000;-2.880000;-1030792151;0;5;0.000000;414.535368;432.750000;433.000000;Commodities;Commodities - Agricultural
ZC_U;USD;USD;Corn September;2;0.010000;25;0.250000;12.500000;1.000000;4;2;1.000000;20.000000;1.000000;0.000000;0.000000;0.000000;0.000000;USD;1970.01.01 00:00;0.000000;-2.880000;-1030792151;0;5;0.000000;402.692123;429.000000;429.250000;Commodities;Commodities - Agricultural
ZL_N;USD;USD;Soybean Oil July;2;0.010000;1;0.010000;6.000000;1.000000;4;2;1.000000;20.000000;1.000000;0.000000;0.000000;0.000000;0.000000;USD;1970.01.01 00:00;0.000000;-2.880000;-1030792151;0;5;0.000000;1472.262117;54.600000;54.610000;Commodities;Commodities - Agricultural
ZL_Q;USD;USD;Soybean Oil August;2;0.010000;2;0.010000;6.000000;1.000000;4;2;1.000000;20.000000;1.000000;0.000000;0.000000;0.000000;0.000000;USD;1970.01.01 00:00;0.000000;-2.880000;-1030792151;0;5;0.000000;1468.328727;54.780000;54.800000;Commodities;Commodities - Agricultural
ZM_N;USD;USD;Soybean Meal July;1;0.100000;1;0.100000;10.000000;1.000000;4;2;1.000000;20.000000;1.000000;0.000000;0.000000;0.000000;0.000000;USD;1970.01.01 00:00;0.000000;-2.880000;-1030792151;0;5;0.000000;412.482167;284.900000;285.000000;Commodities;Commodities - Agricultural
ZM_Q;USD;USD;Soybean Meal August;1;0.100000;2;0.100000;10.000000;1.000000;4;2;1.000000;20.000000;1.000000;0.000000;0.000000;0.000000;0.000000;USD;1970.01.01 00:00;0.000000;-2.880000;-1030792151;0;5;0.000000;414.064751;289.000000;289.200000;Commodities;Commodities - Agricultural
ZN_U;USD;USD;10Y US Treasury Note September;6;0.000001;15625;0.015625;15.625000;1.000000;4;2;1.000000;20.000000;1.000000;0.000000;0.000000;0.000000;0.000000;USD;1970.01.01 00:00;0.000000;-2.880000;-1030792151;0;5;0.000000;682.908438;110.796875;110.812500;Financial;Undefined
ZS_N;USD;USD;Soybeans July;2;0.010000;25;0.250000;12.500000;1.000000;4;2;1.000000;20.000000;1.000000;0.000000;0.000000;0.000000;0.000000;USD;1970.01.01 00:00;0.000000;-2.880000;-1030792151;0;5;0.000000;726.755656;1072.750000;1073.000000;Commodities;Commodities - Agricultural
ZS_Q;USD;USD;Soybeans August;2;0.010000;25;0.250000;12.500000;1.000000;4;2;1.000000;20.000000;1.000000;0.000000;0.000000;0.000000;0.000000;USD;1970.01.01 00:00;0.000000;-2.880000;-1030792151;0;5;0.000000;729.218115;1074.750000;1075.000000;Commodities;Commodities - Agricultural
FDAX_M;EUR;EUR;DAX Index June;0;1.000000;6;1.000000;25.000000;1.000000;3;2;1.000000;20.000000;1.000000;0.000000;0.000000;0.000000;0.000000;EUR;1970.01.01 00:00;0.000000;-2.880000;-1030792151;0;5;0.000000;8192.717372;23311.000000;23317.000000;Indexes;Undefined
FDAX_U;EUR;EUR;DAX Index September;0;1.000000;4;1.000000;25.000000;1.000000;4;2;1.000000;20.000000;1.000000;0.000000;0.000000;0.000000;0.000000;EUR;1970.01.01 00:00;0.000000;-2.880000;-1030792151;0;5;0.000000;8205.413368;23438.000000;23442.000000;Indexes;Undefined
FESX_M;EUR;EUR;Euro Stoxx 50 June;0;1.000000;2;1.000000;10.000000;1.000000;3;2;1.000000;20.000000;1.000000;0.000000;0.000000;0.000000;0.000000;EUR;1970.01.01 00:00;0.000000;-2.880000;-1030792151;0;5;0.000000;726.706430;5264.000000;5266.000000;Indexes;Undefined
FESX_U;EUR;EUR;Euro Stoxx 50 September;0;1.000000;1;1.000000;10.000000;1.000000;4;2;1.000000;20.000000;1.000000;0.000000;0.000000;0.000000;0.000000;EUR;1970.01.01 00:00;0.000000;-2.880000;-1030792151;0;5;0.000000;736.611078;5284.000000;5285.000000;Indexes;Undefined
FGBL_U;EUR;EUR;Bund September;2;0.010000;2;0.010000;10.000000;1.000000;4;2;1.000000;20.000000;1.000000;0.000000;0.000000;0.000000;0.000000;EUR;1970.01.01 00:00;0.000000;-2.880000;-1030792151;0;5;0.000000;625.586515;131.070000;131.090000;Indexes;Undefined
